{
  "Cam2": {
    "angled_points": [
      [2097, 1651],
      [2514, 692],
      [1378, 852],
      [801, 1260]
    ],
    "topdown_points": [
      [44.951956 , 6.098369],
      [44.95118 , 6.0957],
      [44.949161 , 6.097199],
      [44.949754 , 6.098989]
    ]
  },
  "Cam3": {
    "angled_points": [
      [2107, 1629],
      [2496, 650],
      [1363, 868],
      [805, 1300]
    ],
    "topdown_points": [
      [44.951956 , 6.098369],
      [44.95118 , 6.0957],
      [44.949161 , 6.097199],
      [44.949754 , 6.098989]
    ]
  },
  "Cam4": {
    "angled_points": [
      [2100, 1594],
      [2521, 595],
      [1360, 820],
      [793, 1246]
    ],
    "topdown_points": [
      [44.951956 , 6.098369],
      [44.95118 , 6.0957],
      [44.949161 , 6.097199],
      [44.949754 , 6.098989]
    ]
  }
}