{
  "Cam2": {
    "angled_points": [
      [3376,822],
      [1281,344],
      [690,548],
      [2624,1703]
    ],
    "topdown_points": [
      [45.756053 , 6.730833],
      [45.75761 , 6.733794],
      [45.7584 , 6.731404],
      [45.757942 , 6.729503]
    ]
  },
  "Cam3": {
    "angled_points": [
      [3421, 747],
      [1323, 245],
      [728, 456],
      [2670,1609]
    ],
    "topdown_points": [
      [45.756053 , 6.730833],
      [45.75761 , 6.733794],
      [45.7584 , 6.731404],
      [45.757942 , 6.729503]
    ]
  }
}